<?xml version="1.0" encoding="ISO-8859-1"?>
<FileZilla>
<Settings>
<Item name="FWHost" type="string"></Item>
<Item name="FWPort" type="numeric">0</Item>
<Item name="FWUser" type="string"></Item>
<Item name="FWPass" type="string"></Item>
<Item name="Timeout Length" type="numeric">30</Item>
<Item name="Use Keep Alive" type="numeric">1</Item>
<Item name="Interval Low" type="numeric">15</Item>
<Item name="Interval High" type="numeric">30</Item>
<Item name="Retry Delay" type="numeric">5</Item>
<Item name="Num Retries" type="numeric">5</Item>
<Item name="Enable IPv6" type="numeric">0</Item>
<Item name="Proxy Type" type="numeric">0</Item>
<Item name="Proxy Host" type="string"></Item>
<Item name="Proxy Port" type="numeric">0</Item>
<Item name="Proxy User" type="string"></Item>
<Item name="Proxy Pass" type="string"></Item>
<Item name="Proxy Use Logon" type="numeric">0</Item>
<Item name="Default Folder Type" type="numeric">0</Item>
<Item name="Default Folder" type="string">C:\My Documents\</Item>
<Item name="Sitemanager on startup" type="numeric">1</Item>
<Item name="SiteManager Folders First" type="numeric">0</Item>
<Item name="No Expand SiteManager Folders" type="numeric">0</Item>
<Item name="Transfer Mode" type="numeric">0</Item>
<Item name="ASCII files" type="string">ASP;BAT;C;CFM;CGI;CONF;CPP;CSS;DHTML;DIZ;H;HPP;HTM;HTML;INC;JS;MAK;NFO;PAS;PATCH;PHP;PHTML;PINERC;PL;QMAIL;SH;SHTML;SQL;TCL;TPL;TXT;VBS;</Item>
<Item name="No toolbar" type="numeric">0</Item>
<Item name="No Quickconnbar" type="numeric">0</Item>
<Item name="No Statusbar" type="numeric">0</Item>
<Item name="No Messagelog" type="numeric">0</Item>
<Item name="No Treeview" type="numeric">1</Item>
<Item name="Show Remote Treeview" type="numeric">0</Item>
<Item name="No Queue" type="numeric">0</Item>
<Item name="No view labels" type="numeric">0</Item>
<Item name="Remember View settings" type="numeric">1</Item>
<Item name="Remember Window Size" type="numeric">1</Item>
<Item name="Minimize to Tray" type="numeric">0</Item>
<Item name="Remember Local View" type="numeric">1</Item>
<Item name="Local List View Style" type="numeric">0</Item>
<Item name="Hide Local Columns" type="numeric">0</Item>
<Item name="Remember Local column widths" type="numeric">0</Item>
<Item name="Local Filesize format" type="numeric">1</Item>
<Item name="Show Local Statusbar" type="numeric">1</Item>
<Item name="Local doubleclick action" type="numeric">0</Item>
<Item name="Remember Remote View" type="numeric">1</Item>
<Item name="Remote List View Style" type="numeric">0</Item>
<Item name="Hide Remote Columns" type="numeric">32</Item>
<Item name="Remember Remote column widths" type="numeric">0</Item>
<Item name="Remote Filesize format" type="numeric">1</Item>
<Item name="Always Show Hidden Files" type="numeric">1</Item>
<Item name="Show Remote Statusbar" type="numeric">1</Item>
<Item name="Remote doubleclick action" type="numeric">0</Item>
<Item name="Use GSS" type="numeric">0</Item>
<Item name="GSS enabled servers" type="string">mit.edu;</Item>
<Item name="Debug Trace" type="numeric">0</Item>
<Item name="Debug Show Listing" type="numeric">0</Item>
<Item name="Enable debug menu" type="numeric">0</Item>
<Item name="Pasv" type="numeric">0</Item>
<Item name="Limit Port Range" type="numeric">0</Item>
<Item name="Port Range Low" type="numeric">1</Item>
<Item name="Port Range High" type="numeric">65535</Item>
<Item name="Transfer IP" type="string"></Item>
<Item name="Transfer IP v6" type="string"></Item>
<Item name="Use directory cache" type="numeric">1</Item>
<Item name="Max Dir Cache Time" type="numeric">1800</Item>
<Item name="Preserve DL file time" type="numeric">1</Item>
<Item name="Primary TransferMax Size" type="numeric">1024</Item>
<Item name="Transfer Api Count" type="numeric">2</Item>
<Item name="Use multiple connections" type="numeric">1</Item>
<Item name="File exists Action" type="numeric">0</Item>
<Item name="VMS display all revisions" type="numeric">0</Item>
<Item name="Default View Edit Prog" type="string"></Item>
<Item name="Custom View Edit Progs" type="string"></Item>
<Item name="Use Ident server" type="numeric">0</Item>
<Item name="Ident when connecting only" type="numeric">0</Item>
<Item name="Ident reply same IP" type="numeric">0</Item>
<Item name="Ident UserID" type="string"></Item>
<Item name="Ident OS" type="string">UNIX</Item>
<Item name="SpeedLimit Download Type" type="numeric">0</Item>
<Item name="SpeedLimit Download Value" type="numeric">10</Item>
<Item name="SpeedLimit Upload Type" type="numeric">0</Item>
<Item name="SpeedLimit Upload Value" type="numeric">10</Item>
<Item name="SpeedLimit Download Rules" type="string"></Item>
<Item name="SpeedLimit Upload Rules" type="string"></Item>
<Item name="SSH Use Compression" type="numeric">0</Item>
<Item name="SSH Force Protocol" type="numeric">0</Item>
<Item name="Local treeview location" type="numeric">0</Item>
<Item name="Remote treeview location" type="numeric">0</Item>
<Item name="Switch view locations" type="numeric">0</Item>
<Item name="Debug Log To File" type="numeric">0</Item>
<Item name="Debug Log File" type="string"></Item>
<Item name="Use custom messaglog font" type="numeric">0</Item>
<Item name="Messagelog font name" type="string">MS Shell Dlg</Item>
<Item name="Messagelog font size" type="numeric">8</Item>
<Item name="Log Timestamps" type="numeric">0</Item>
<Item name="Use MODE Z " type="numeric">2</Item>
<Item name="MODE Z level" type="numeric">8</Item>
<Item name="Last Window Size" type="string">0 11 10 1000 815</Item>
<Item name="Last Splitter Pos" type="string">95 493 135 145 422</Item>
<Item name="Last Server Host" type="string">nashuastake.dnsalias.org</Item>
<Item name="Last Server Port" type="numeric">10022</Item>
<Item name="Last Server User" type="string">your_user_name</Item>
<Item name="Last Server dont save pass" type="numeric">0</Item>
<Item name="Last Server UTF8" type="numeric">0</Item>
<Item name="Last server name" type="string">nashuastake</Item>
<Item name="Last Server Pass" type="string"></Item>
<Item name="Last Server Firewall Bypass" type="numeric">0</Item>
<Item name="Last Server Path" type="string"></Item>
<Item name="Last Server Type" type="numeric">4098</Item>
<Item name="Last Server transfer mode" type="numeric">0</Item>
<Item name="Logontype" type="numeric">0</Item>
</Settings>
<RecentServers/>
<Sites>
<Site Name="nashuastake" Host="nashuastake.dnsalias.org" Port="10022" User="your_user_name" RemoteDir="/mnt/server/C/" LocalDir="" Pass="" Logontype="1" FWBypass="0" DontSavePass="0" ServerType="3" PasvMode="0" TimeZoneOffset="0" TimeZoneOffsetMinutes="0" Comments="" UTF8="0" DefaultSite="0"/>
<Site Name="Nashua 1" Host="nashuastake.dnsalias.org" Port="10022" User="your_user_name" RemoteDir="/mnt/nashua1/C/" LocalDir="" Pass="" Logontype="1" FWBypass="0" DontSavePass="0" ServerType="3" PasvMode="0" TimeZoneOffset="0" TimeZoneOffsetMinutes="0" Comments="" UTF8="0" DefaultSite="0"/>
<Site Name="FHC Server" Host="nashuastake.dnsalias.org" Port="10022" User="your_user_name" RemoteDir="/mnt/server/C/" LocalDir="" Pass="" Logontype="1" FWBypass="0" DontSavePass="0" ServerType="3" PasvMode="0" TimeZoneOffset="0" TimeZoneOffsetMinutes="0" Comments="" UTF8="0" DefaultSite="0"/>
</Sites>
<TransferQueue/>
</FileZilla>
