{
  "update": {},
  "fields": {
    "summary": "${summary}",
    "customfield_10035": "${target}",
    "customfield_10033": "${user}",
    "issuetype": {
      "id": "10010"
    },
    "project": {
      "id": "10008"
    },
    "description": {
      "type": "doc",
      "version": 1,
      "content": [
        {
          "type": "paragraph",
          "content": [
            {
              "text": "${header}",
              "type": "text"
            }
          ]
        },
        {
          "type": "paragraph",
          "content": [
            {
              "text": "-------------------",
              "type": "text"
            }
          ]
        },
        {
          "type": "paragraph",
          "content": [
            {
              "text": "${message}",
              "type": "text"
            }
          ]
        }
      ]
    },
    "priority": {
      "id": "${priority}"
    }
  }
}